<?xml version="1.0" encoding="UTF-8"?>
<?mso-application progid="Excel.Sheet"?>
<Workbook xmlns="urn:schemas-microsoft-com:office:spreadsheet"
xmlns:o="urn:schemas-microsoft-com:office:office"
xmlns:x="urn:schemas-microsoft-com:office:excel"
xmlns:ss="urn:schemas-microsoft-com:office:spreadsheet"
xmlns:html="http://www.w3.org/TR/REC-html40">
<Worksheet ss:Name="Table1">
	<Table>
		<Column ss:Index="2" ss:AutoFitWidth="0" ss:Width="110"/>
		<Column ss:Index="3" ss:AutoFitWidth="0" ss:Width="110"/>
		<Column ss:Index="4" ss:AutoFitWidth="0" ss:Width="110"/>
		<Row>
			<Cell><Data ss:Type="String">idLivro</Data></Cell>
			<Cell><Data ss:Type="String">titulo</Data></Cell>
			<Cell><Data ss:Type="String">autor</Data></Cell>
			<Cell><Data ss:Type="String">genero</Data></Cell>
		</Row>

		<Row>
			<Cell><Data ss:Type="Number">500</Data></Cell>
			<Cell><Data ss:Type="String">crepusculo</Data></Cell>
			<Cell><Data ss:Type="String">sMeyer</Data></Cell>
			<Cell><Data ss:Type="String">romance</Data></Cell>
		</Row>
		<Row>
			<Cell><Data ss:Type="Number">501</Data></Cell>
			<Cell><Data ss:Type="String">culpaDasEstrela</Data></Cell>
			<Cell><Data ss:Type="String">jGeen</Data></Cell>
			<Cell><Data ss:Type="String">romance</Data></Cell>
		</Row>
		<Row>
			<Cell><Data ss:Type="Number">502</Data></Cell>
			<Cell><Data ss:Type="String">cidadeDePapel</Data></Cell>
			<Cell><Data ss:Type="String">jGreen</Data></Cell>
			<Cell><Data ss:Type="String">romance</Data></Cell>
		</Row>
		<Row>
			<Cell><Data ss:Type="Number">503</Data></Cell>
			<Cell><Data ss:Type="String">harryPotter</Data></Cell>
			<Cell><Data ss:Type="String">jkRowling</Data></Cell>
			<Cell><Data ss:Type="String">aventura</Data></Cell>
		</Row>
		<Row>
			<Cell><Data ss:Type="Number">504</Data></Cell>
			<Cell><Data ss:Type="String">senhorDosAneis</Data></Cell>
			<Cell><Data ss:Type="String">tolkien</Data></Cell>
			<Cell><Data ss:Type="String">aventura</Data></Cell>
		</Row>
		<Row>
			<Cell><Data ss:Type="Number">505</Data></Cell>
			<Cell><Data ss:Type="String">cronicasDeNarnia</Data></Cell>
			<Cell><Data ss:Type="String">cwLweis</Data></Cell>
			<Cell><Data ss:Type="String">aventura</Data></Cell>
		</Row>
		<Row>
			<Cell><Data ss:Type="Number">506</Data></Cell>
			<Cell><Data ss:Type="String">capitaesDaAreia</Data></Cell>
			<Cell><Data ss:Type="String">jorgeAmado</Data></Cell>
			<Cell><Data ss:Type="String">drama</Data></Cell>
		</Row>	</Table>
</Worksheet>
</Workbook>
